s,s,s,0.0874076,14.7295,-0.257109,s,s,0.34,s,s,s,-1
s,s,s,0.087086,6.74241,-0.117699,s,s,0.74,s,s,s,-1
s,s,s,0.133916,6.72964,-0.11749,s,s,1.14,s,s,s,-1
s,s,s,0.179559,6.72258,-0.117385,s,s,1.53,s,s,s,-1
s,s,s,0.22615,6.71117,-0.11721,s,s,1.93,s,s,s,-1
s,s,s,0.273931,6.76142,-0.118118,s,s,2.32,s,s,s,-1
s,s,s,0,0,0,s,s,2.72,s,s,s,-1
s,s,s,0.806125,14.7417,-0.257702,s,s,3.13,s,s,s,-1
s,s,s,0.91799,14.9235,-0.260983,s,s,3.52,s,s,s,-1
s,s,s,1.02489,14.9566,-0.261681,s,s,3.92,s,s,s,-1
s,s,s,1.13591,15.0369,-0.263217,s,s,4.32,s,s,s,-1
s,s,s,1.23659,15.041,-0.263427,s,s,4.7,s,s,s,-1
s,s,s,1.34419,15.0317,-0.263427,s,s,5.11,s,s,s,-1
s,s,s,1.44782,15.0362,-0.263671,s,s,5.5,s,s,s,-1
s,s,s,1.55105,14.9836,-0.262938,s,s,5.91,s,s,s,-1
s,s,s,1.65937,15.0304,-0.26395,s,s,6.3,s,s,s,-1
s,s,s,1.77693,15.1035,-0.265451,s,s,6.71,s,s,s,-1
s,s,s,1.88915,15.1886,-0.267161,s,s,7.09,s,s,s,-1
s,s,s,1.99618,15.183,-0.267301,s,s,7.49,s,s,s,-1
s,s,s,2.11596,15.2294,-0.268383,s,s,7.91,s,s,s,-1
s,s,s,2.23969,15.3713,-0.271141,s,s,8.29,s,s,s,-1
s,s,s,2.35813,15.4285,-0.272432,s,s,8.69,s,s,s,-1
s,s,s,2.47431,15.4649,-0.273374,s,s,9.09,s,s,s,-1
s,s,s,2.56544,15.3305,-0.271315,s,s,9.5,s,s,s,-1
s,s,s,2.69819,15.4599,-0.273933,s,s,9.9,s,s,s,-1
s,s,s,2.83885,15.6522,-0.277668,s,s,10.28,s,s,s,-1
s,s,s,2.96065,15.6988,-0.278855,s,s,10.68,s,s,s,-1
s,s,s,3.08017,15.7288,-0.279762,s,s,11.08,s,s,s,-1
s,s,s,3.20104,15.7618,-0.280739,s,s,11.48,s,s,s,-1
s,s,s,3.35,15.9107,-0.283811,s,s,11.89,s,s,s,-1
s,s,s,3.45695,15.8816,-0.283706,s,s,12.28,s,s,s,-1
s,s,s,3.59057,15.9586,-0.285521,s,s,12.68,s,s,s,-1
s,s,s,3.71185,15.976,-0.286289,s,s,13.08,s,s,s,-1
s,s,s,3.83448,16.0087,-0.287336,s,s,13.47,s,s,s,-1
s,s,s,3.96285,16.0371,-0.288349,s,s,13.88,s,s,s,-1
s,s,s,4.0798,16.0408,-0.288907,s,s,14.27,s,s,s,-1
s,s,s,4.20485,16.0622,-0.289815,s,s,14.67,s,s,s,-1
s,s,s,4.35328,16.1676,-0.292258,s,s,15.07,s,s,s,-1
s,s,s,4.49911,16.2563,-0.294422,s,s,15.47,s,s,s,-1
s,s,s,4.6464,16.3438,-0.296586,s,s,15.87,s,s,s,-1
s,s,s,4.76487,16.3263,-0.296865,s,s,16.27,s,s,s,-1
s,s,s,0,0,0,s,s,16.67,s,s,s,-1
s,s,s,0,0,0,s,s,17.07,s,s,s,-1
s,s,s,0,0,0,s,s,17.45,s,s,s,-1
s,s,s,0,0,0,s,s,17.85,s,s,s,-1
s,s,s,0.164699,0.499466,-0.00917997,s,s,18.25,s,s,s,-1
s,s,s,0.168182,0.498304,-0.00917997,s,s,18.65,s,s,s,-1
s,s,s,0.163824,0.474435,-0.00876111,s,s,19.05,s,s,s,-1
s,s,s,0.183023,0.518566,-0.00959882,s,s,19.44,s,s,s,-1
s,s,s,0.174422,0.483417,-0.00897054,s,s,19.84,s,s,s,-1
s,s,s,0.187478,0.508455,-0.0094592,s,s,20.24,s,s,s,-1
s,s,s,0.188204,0.499648,-0.00931959,s,s,20.64,s,s,s,-1
s,s,s,0.188098,0.48899,-0.00914506,s,s,21.04,s,s,s,-1
s,s,s,0.195162,0.496972,-0.00931959,s,s,21.44,s,s,s,-1
s,s,s,0.197882,0.493741,-0.00928468,s,s,21.84,s,s,s,-1
s,s,s,0.189134,0.462766,-0.0087262,s,s,22.23,s,s,s,-1
s,s,s,0.202447,0.485393,-0.00917997,s,s,22.64,s,s,s,-1
s,s,s,0.205747,0.484004,-0.00917997,s,s,23.03,s,s,s,-1
s,s,s,0,0,0,s,s,23.43,s,s,s,-1
s,s,s,0,0,0,s,s,23.83,s,s,s,-1
s,s,s,0,0,0,s,s,24.23,s,s,s,-1
s,s,s,0,0,0,s,s,24.63,s,s,s,-1
s,s,s,0,0,0,s,s,25.03,s,s,s,-1
s,s,s,0,0,0,s,s,25.43,s,s,s,-1
s,s,s,0,0,0,s,s,25.83,s,s,s,-1
s,s,s,8.00189,16.2477,-0.316133,s,s,26.22,s,s,s,-1
s,s,s,8.11961,16.2003,-0.316307,s,s,26.62,s,s,s,-1
s,s,s,8.22433,16.1272,-0.315993,s,s,27.02,s,s,s,-1
s,s,s,8.33488,16.0659,-0.315923,s,s,27.42,s,s,s,-1
s,s,s,8.43937,15.9931,-0.315644,s,s,27.82,s,s,s,-1
s,s,s,8.60849,16.0413,-0.317773,s,s,28.22,s,s,s,-1
s,s,s,8.73081,16.0001,-0.318157,s,s,28.62,s,s,s,-1
s,s,s,8.80959,15.8929,-0.31718,s,s,29,s,s,s,-1
s,s,s,9.0203,16.0019,-0.320636,s,s,29.41,s,s,s,-1
s,s,s,9.13478,15.9438,-0.32074,s,s,29.81,s,s,s,-1
s,s,s,9.27428,15.9348,-0.321822,s,s,30.2,s,s,s,-1
s,s,s,9.40639,15.899,-0.322451,s,s,30.61,s,s,s,-1
s,s,s,9.54529,15.886,-0.323498,s,s,31,s,s,s,-1
s,s,s,9.69487,15.889,-0.324894,s,s,31.39,s,s,s,-1
s,s,s,9.83005,15.8481,-0.325522,s,s,31.81,s,s,s,-1
s,s,s,10.0798,16.0127,-0.330269,s,s,32.19,s,s,s,-1
s,s,s,10.1575,15.8829,-0.329083,s,s,32.6,s,s,s,-1
s,s,s,10.4233,16.0566,-0.334144,s,s,32.99,s,s,s,-1
s,s,s,10.5269,15.9649,-0.333795,s,s,33.4,s,s,s,-1
s,s,s,10.6487,15.9128,-0.334214,s,s,33.79,s,s,s,-1
s,s,s,10.9039,16.0566,-0.338786,s,s,34.18,s,s,s,-1
s,s,s,11.0151,15.9733,-0.338681,s,s,34.59,s,s,s,-1
s,s,s,11.2685,16.0991,-0.34301,s,s,34.99,s,s,s,-1
s,s,s,11.2991,15.9112,-0.340636,s,s,35.38,s,s,s,-1
s,s,s,11.8753,16.4776,-0.354528,s,s,35.78,s,s,s,-1
s,s,s,12.0632,16.4944,-0.356692,s,s,36.18,s,s,s,-1
s,s,s,12.2262,16.4686,-0.358019,s,s,36.59,s,s,s,-1
s,s,s,12.2659,16.2892,-0.355924,s,s,36.98,s,s,s,-1
s,s,s,12.5537,16.4373,-0.36102,s,s,37.37,s,s,s,-1
s,s,s,13.0189,16.7959,-0.370933,s,s,37.78,s,s,s,-1
s,s,s,12.9574,16.4837,-0.365977,s,s,38.17,s,s,s,-1
s,s,s,13.0871,16.4116,-0.366396,s,s,38.57,s,s,s,-1
s,s,s,13.9887,17.2931,-0.388246,s,s,38.97,s,s,s,-1
s,s,s,13.9898,17.0497,-0.384965,s,s,39.37,s,s,s,-1
s,s,s,14.2723,17.1483,-0.389433,s,s,39.77,s,s,s,-1
s,s,s,13.9502,16.5312,-0.377565,s,s,40.16,s,s,s,-1
s,s,s,14.5932,17.0502,-0.391737,s,s,40.56,s,s,s,-1
s,s,s,14.8137,17.0713,-0.394529,s,s,40.95,s,s,s,-1
s,s,s,14.4069,16.3645,-0.380567,s,s,41.36,s,s,s,-1
s,s,s,15.4847,17.3492,-0.405908,s,s,41.75,s,s,s,-1
s,s,s,0,0,0,s,s,42.16,s,s,s,-1
s,s,s,0,0,0,s,s,42.56,s,s,s,-1
s,s,s,16.6217,17.8495,-0.425734,s,s,42.96,s,s,s,-1
s,s,s,16.8145,17.8058,-0.427479,s,s,43.36,s,s,s,-1
s,s,s,16.9799,17.7313,-0.428526,s,s,43.76,s,s,s,-1
s,s,s,17.2398,17.7529,-0.431947,s,s,44.16,s,s,s,-1
s,s,s,17.3768,17.6581,-0.432436,s,s,44.54,s,s,s,-1
s,s,s,17.5705,17.6012,-0.434111,s,s,44.95,s,s,s,-1
s,s,s,17.9263,17.7086,-0.439836,s,s,45.35,s,s,s,-1
s,s,s,18.1094,17.6476,-0.441371,s,s,45.74,s,s,s,-1
s,s,s,18.3935,17.6819,-0.445351,s,s,46.13,s,s,s,-1
s,s,s,18.5805,17.6076,-0.446817,s,s,46.54,s,s,s,-1
s,s,s,0,0,0,s,s,46.94,s,s,s,-1
s,s,s,19.0391,17.5503,-0.451982,s,s,47.33,s,s,s,-1
s,s,s,18.9245,17.1958,-0.446328,s,s,47.74,s,s,s,-1
s,s,s,19.8006,17.7411,-0.464059,s,s,48.14,s,s,s,-1
s,s,s,20.0318,17.704,-0.466642,s,s,48.53,s,s,s,-1
s,s,s,20.2001,17.6031,-0.46769,s,s,48.93,s,s,s,-1
s,s,s,20.0829,17.2557,-0.462175,s,s,49.33,s,s,s,-1
s,s,s,19.974,16.9212,-0.456939,s,s,49.73,s,s,s,-1
s,s,s,20.0089,16.7182,-0.455124,s,s,50.12,s,s,s,-1
s,s,s,20.2147,16.6518,-0.457148,s,s,50.52,s,s,s,-1
s,s,s,20.5353,16.6767,-0.461756,s,s,50.92,s,s,s,-1
s,s,s,20.9416,16.7654,-0.468248,s,s,51.32,s,s,s,-1
s,s,s,21.1304,16.6758,-0.469854,s,s,51.72,s,s,s,-1
s,s,s,21.5498,16.776,-0.476695,s,s,52.1,s,s,s,-1
s,s,s,22.1548,16.9938,-0.487376,s,s,52.51,s,s,s,-1
s,s,s,22.1774,16.7727,-0.485351,s,s,52.9,s,s,s,-1
s,s,s,22.4575,16.7393,-0.488912,s,s,53.3,s,s,s,-1
s,s,s,22.9507,16.8528,-0.49701,s,s,53.71,s,s,s,-1
s,s,s,22.8446,16.5367,-0.492263,s,s,54.1,s,s,s,-1
s,s,s,23.3791,16.67,-0.501198,s,s,54.51,s,s,s,-1
s,s,s,23.0475,16.2041,-0.491774,s,s,54.89,s,s,s,-1
s,s,s,23.9947,16.6147,-0.509436,s,s,55.3,s,s,s,-1
s,s,s,23.952,16.3451,-0.506155,s,s,55.69,s,s,s,-1
s,s,s,24.0257,16.1507,-0.505317,s,s,56.09,s,s,s,-1
s,s,s,24.0806,15.9386,-0.50406,s,s,56.5,s,s,s,-1
s,s,s,24.9758,16.2877,-0.520466,s,s,56.89,s,s,s,-1
s,s,s,25.1624,16.154,-0.521932,s,s,57.3,s,s,s,-1
s,s,s,25.2751,15.9845,-0.522001,s,s,57.69,s,s,s,-1
s,s,s,25.3787,15.7968,-0.521792,s,s,58.1,s,s,s,-1
s,s,s,25.7147,15.7704,-0.526539,s,s,58.48,s,s,s,-1
s,s,s,26.2727,15.8612,-0.535684,s,s,58.88,s,s,s,-1
s,s,s,26.8985,15.9839,-0.546156,s,s,59.28,s,s,s,-1
s,s,s,0,0,0,s,s,59.68,s,s,s,-1
s,s,s,0,0,0,s,s,60.08,s,s,s,-1
s,s,s,0,0,0,s,s,60.48,s,s,s,-1
s,s,s,33.8784,18.872,-0.676909,s,s,60.88,s,s,s,-1
s,s,s,0,0,0,s,s,61.27,s,s,s,-1
s,s,s,0,0,0,s,s,61.68,s,s,s,-1
s,s,s,0,0,0,s,s,62.07,s,s,s,-1
s,s,s,35.4104,18.4571,-0.697014,s,s,62.47,s,s,s,-1
s,s,s,17.6811,9.05956,-0.346779,s,s,62.87,s,s,s,-1
s,s,s,0,0,0,s,s,63.27,s,s,s,-1
s,s,s,0,0,0,s,s,63.67,s,s,s,-1
s,s,s,0,0,0,s,s,64.05,s,s,s,-1
s,s,s,0.47449,0.226829,-0.00917997,s,s,64.45,s,s,s,-1
s,s,s,0,0,0,s,s,64.86,s,s,s,-1
s,s,s,0.539355,0.248646,-0.0103667,s,s,65.25,s,s,s,-1
s,s,s,0.475492,0.215193,-0.00911016,s,s,65.65,s,s,s,-1
s,s,s,0.45688,0.202939,-0.0087262,s,s,66.05,s,s,s,-1
s,s,s,0.465619,0.20294,-0.00886582,s,s,66.45,s,s,s,-1
s,s,s,0.468828,0.200553,-0.00890073,s,s,66.84,s,s,s,-1
s,s,s,0.484968,0.203464,-0.00917997,s,s,67.24,s,s,s,-1
s,s,s,0.490076,0.201594,-0.00924978,s,s,67.64,s,s,s,-1
s,s,s,0,0,0,s,s,68.04,s,s,s,-1
s,s,s,0.476105,0.188119,-0.00893563,s,s,68.44,s,s,s,-1
s,s,s,0.483001,0.186956,-0.00904035,s,s,68.84,s,s,s,-1
s,s,s,0.491741,0.1865,-0.00917997,s,s,69.23,s,s,s,-1
s,s,s,0.481783,0.178887,-0.00897054,s,s,69.63,s,s,s,-1
s,s,s,0,0,0,s,s,70.03,s,s,s,-1
s,s,s,0,0,0,s,s,70.44,s,s,s,-1
s,s,s,0,0,0,s,s,70.83,s,s,s,-1
s,s,s,0,0,0,s,s,71.23,s,s,s,-1
s,s,s,0,0,0,s,s,71.63,s,s,s,-1
s,s,s,0,0,0,s,s,72.02,s,s,s,-1
s,s,s,0,0,0,s,s,72.42,s,s,s,-1
s,s,s,0,0,0,s,s,72.82,s,s,s,-1
s,s,s,0,0,0,s,s,73.22,s,s,s,-1
s,s,s,0,0,0,s,s,73.62,s,s,s,-1
s,s,s,0,0,0,s,s,74.02,s,s,s,-1
s,s,s,0,0,0,s,s,74.42,s,s,s,-1
s,s,s,0,0,0,s,s,74.82,s,s,s,-1
s,s,s,0,0,0,s,s,75.22,s,s,s,-1
s,s,s,0,0,0,s,s,75.62,s,s,s,-1
s,s,s,0,0,0,s,s,76.01,s,s,s,-1
s,s,s,0,0,0,s,s,76.4,s,s,s,-1
s,s,s,0,0,0,s,s,76.8,s,s,s,-1
s,s,s,0,0,0,s,s,77.19,s,s,s,-1
s,s,s,0,0,0,s,s,77.6,s,s,s,-1
s,s,s,12.9502,2.75501,-0.231105,s,s,77.99,s,s,s,-1
s,s,s,0,0,0,s,s,78.41,s,s,s,-1
s,s,s,24.6193,4.87923,-0.43809,s,s,78.79,s,s,s,-1
s,s,s,0,0,0,s,s,79.2,s,s,s,-1
s,s,s,0,0,0,s,s,79.59,s,s,s,-1
s,s,s,0,0,0,s,s,80,s,s,s,-1
s,s,s,0,0,0,s,s,80.4,s,s,s,-1
s,s,s,0,0,0,s,s,80.78,s,s,s,-1
s,s,s,0,0,0,s,s,81.18,s,s,s,-1
s,s,s,0,0,0,s,s,81.58,s,s,s,-1
s,s,s,0,0,0,s,s,81.98,s,s,s,-1
s,s,s,0,0,0,s,s,82.38,s,s,s,-1
s,s,s,0,0,0,s,s,82.79,s,s,s,-1
s,s,s,0,0,0,s,s,83.18,s,s,s,-1
s,s,s,0,0,0,s,s,83.57,s,s,s,-1
s,s,s,0,0,0,s,s,83.97,s,s,s,-1
s,s,s,0,0,0,s,s,84.37,s,s,s,-1
s,s,s,0,0,0,s,s,84.77,s,s,s,-1
s,s,s,0,0,0,s,s,85.17,s,s,s,-1
s,s,s,0,0,0,s,s,85.56,s,s,s,-1
s,s,s,0,0,0,s,s,85.96,s,s,s,-1
s,s,s,0,0,0,s,s,86.36,s,s,s,-1
s,s,s,0,0,0,s,s,86.75,s,s,s,-1
s,s,s,0,0,0,s,s,87.14,s,s,s,-1
s,s,s,0,0,0,s,s,87.56,s,s,s,-1
s,s,s,0,0,0,s,s,87.94,s,s,s,-1
s,s,s,0,0,0,s,s,88.36,s,s,s,-1
s,s,s,0,0,0,s,s,88.75,s,s,s,-1
s,s,s,0,0,0,s,s,89.15,s,s,s,-1
s,s,s,0,0,0,s,s,89.55,s,s,s,-1
s,s,s,0,0,0,s,s,89.94,s,s,s,-1
s,s,s,0,0,0,s,s,90.34,s,s,s,-1
s,s,s,0,0,0,s,s,90.73,s,s,s,-1
s,s,s,0,0,0,s,s,91.14,s,s,s,-1
s,s,s,0,0,0,s,s,91.53,s,s,s,-1
s,s,s,0,0,0,s,s,91.93,s,s,s,-1
s,s,s,0,0,0,s,s,92.33,s,s,s,-1
s,s,s,0,0,0,s,s,92.73,s,s,s,-1
s,s,s,0,0,0,s,s,93.13,s,s,s,-1
s,s,s,0,0,0,s,s,93.53,s,s,s,-1
s,s,s,0,0,0,s,s,93.92,s,s,s,-1
s,s,s,0,0,0,s,s,94.32,s,s,s,-1
s,s,s,0,0,0,s,s,94.72,s,s,s,-1
s,s,s,0,0,0,s,s,95.12,s,s,s,-1
s,s,s,0,0,0,s,s,95.52,s,s,s,-1
s,s,s,0,0,0,s,s,95.92,s,s,s,-1
s,s,s,0,0,0,s,s,96.3,s,s,s,-1
s,s,s,0,0,0,s,s,96.7,s,s,s,-1
s,s,s,0,0,0,s,s,97.11,s,s,s,-1
s,s,s,0,0,0,s,s,97.51,s,s,s,-1
s,s,s,0,0,0,s,s,97.89,s,s,s,-1
s,s,s,0,0,0,s,s,98.31,s,s,s,-1
s,s,s,0,0,0,s,s,98.69,s,s,s,-1
s,s,s,0,0,0,s,s,99.09,s,s,s,-1
s,s,s,0,0,0,s,s,99.5,s,s,s,-1
s,s,s,0,0,0,s,s,99.88,s,s,s,-1
s,s,s,0,0,0,s,s,100.3,s,s,s,-1
s,s,s,0,0,0,s,s,100.68,s,s,s,-1
s,s,s,35.4119,-6.9347,-0.629857,s,s,101.08,s,s,s,-1
s,s,s,34.2836,-6.96884,-0.61066,s,s,101.49,s,s,s,-1
s,s,s,33.6483,-7.07854,-0.600188,s,s,101.88,s,s,s,-1
s,s,s,33.3101,-7.24451,-0.595022,s,s,102.27,s,s,s,-1
s,s,s,0,0,0,s,s,102.68,s,s,s,-1
s,s,s,30.9449,-7.18972,-0.554533,s,s,103.08,s,s,s,-1
s,s,s,30.2574,-7.2474,-0.543084,s,s,103.47,s,s,s,-1
s,s,s,29.8488,-7.37026,-0.536661,s,s,103.87,s,s,s,-1
s,s,s,29.3548,-7.46608,-0.528703,s,s,104.27,s,s,s,-1
s,s,s,28.9383,-7.57562,-0.522141,s,s,104.67,s,s,s,-1
s,s,s,0,0,0,s,s,105.07,s,s,s,-1
s,s,s,0,0,0,s,s,105.45,s,s,s,-1
s,s,s,0,0,0,s,s,105.85,s,s,s,-1
s,s,s,0,0,0,s,s,106.25,s,s,s,-1
s,s,s,0,0,0,s,s,106.65,s,s,s,-1
s,s,s,0,0,0,s,s,107.04,s,s,s,-1
s,s,s,0,0,0,s,s,107.45,s,s,s,-1
s,s,s,0,0,0,s,s,107.84,s,s,s,-1
s,s,s,0,0,0,s,s,108.24,s,s,s,-1
s,s,s,0,0,0,s,s,108.64,s,s,s,-1
s,s,s,0,0,0,s,s,109.04,s,s,s,-1
s,s,s,0,0,0,s,s,109.45,s,s,s,-1
s,s,s,0,0,0,s,s,109.83,s,s,s,-1
s,s,s,0,0,0,s,s,110.23,s,s,s,-1
s,s,s,0,0,0,s,s,110.63,s,s,s,-1
s,s,s,0,0,0,s,s,111.03,s,s,s,-1
s,s,s,0,0,0,s,s,111.43,s,s,s,-1
s,s,s,0.475213,-0.19036,-0.00893563,s,s,111.83,s,s,s,-1
s,s,s,0.518335,-0.21174,-0.00977335,s,s,112.22,s,s,s,-1
s,s,s,0.491002,-0.204585,-0.00928468,s,s,112.62,s,s,s,-1
s,s,s,0.471157,-0.200188,-0.00893563,s,s,113.02,s,s,s,-1
s,s,s,0,0,0,s,s,113.42,s,s,s,-1
s,s,s,0,0,0,s,s,113.82,s,s,s,-1
s,s,s,0,0,0,s,s,114.2,s,s,s,-1
s,s,s,0,0,0,s,s,114.6,s,s,s,-1
s,s,s,0,0,0,s,s,115.01,s,s,s,-1
s,s,s,0,0,0,s,s,115.41,s,s,s,-1
s,s,s,15.042,-7.2716,-0.29163,s,s,115.8,s,s,s,-1
s,s,s,14.7062,-7.23951,-0.286115,s,s,116.21,s,s,s,-1
s,s,s,14.5873,-7.30797,-0.284788,s,s,116.61,s,s,s,-1
s,s,s,14.5938,-7.43268,-0.28587,s,s,116.99,s,s,s,-1
s,s,s,14.4839,-7.51092,-0.284788,s,s,117.41,s,s,s,-1
s,s,s,14.279,-7.53162,-0.281787,s,s,117.81,s,s,s,-1
s,s,s,13.9079,-7.45423,-0.275434,s,s,118.19,s,s,s,-1
s,s,s,13.5663,-7.39658,-0.269709,s,s,118.6,s,s,s,-1
s,s,s,13.2056,-7.31393,-0.263496,s,s,118.98,s,s,s,-1
s,s,s,13.2051,-7.43768,-0.264544,s,s,119.39,s,s,s,-1
s,s,s,13.064,-7.47575,-0.262729,s,s,119.78,s,s,s,-1
s,s,s,12.377,-7.19783,-0.249918,s,s,120.18,s,s,s,-1
s,s,s,0,0,0,s,s,120.58,s,s,s,-1
s,s,s,12.2136,-7.33288,-0.248662,s,s,120.98,s,s,s,-1
s,s,s,11.7588,-7.16914,-0.240389,s,s,121.37,s,s,s,-1
s,s,s,11.7412,-7.27416,-0.241088,s,s,121.78,s,s,s,-1
s,s,s,0,0,0,s,s,122.17,s,s,s,-1
s,s,s,12.1099,-7.73569,-0.250826,s,s,122.57,s,s,s,-1
s,s,s,12.0271,-7.80155,-0.250233,s,s,122.97,s,s,s,-1
s,s,s,10.4577,-6.8877,-0.218574,s,s,123.37,s,s,s,-1
s,s,s,10.3291,-6.90427,-0.216864,s,s,123.76,s,s,s,-1
s,s,s,10.2405,-6.94635,-0.215991,s,s,124.15,s,s,s,-1
s,s,s,10.1374,-6.98025,-0.214839,s,s,124.55,s,s,s,-1
s,s,s,10.0511,-7.0274,-0.214071,s,s,124.96,s,s,s,-1
s,s,s,9.97367,-7.07483,-0.213443,s,s,125.35,s,s,s,-1
s,s,s,9.96174,-7.17406,-0.214281,s,s,125.76,s,s,s,-1
s,s,s,9.93724,-7.26231,-0.214839,s,s,126.16,s,s,s,-1
s,s,s,9.965,-7.38988,-0.216549,s,s,126.56,s,s,s,-1
s,s,s,9.99278,-7.51643,-0.21826,s,s,126.95,s,s,s,-1
s,s,s,9.99119,-7.62779,-0.219412,s,s,127.36,s,s,s,-1
s,s,s,10.0355,-7.7703,-0.221541,s,s,127.75,s,s,s,-1
s,s,s,10.0203,-7.87105,-0.222413,s,s,128.15,s,s,s,-1
s,s,s,9.94166,-7.92212,-0.22189,s,s,128.55,s,s,s,-1
s,s,s,9.96201,-8.04694,-0.22353,s,s,128.93,s,s,s,-1
s,s,s,9.9489,-8.15178,-0.224508,s,s,129.33,s,s,s,-1
s,s,s,9.96566,-8.28541,-0.226218,s,s,129.74,s,s,s,-1
s,s,s,9.98248,-8.41794,-0.227928,s,s,130.14,s,s,s,-1
s,s,s,9.97206,-8.52598,-0.22901,s,s,130.53,s,s,s,-1
s,s,s,5.69805,-4.93929,-0.131626,s,s,130.92,s,s,s,-1
s,s,s,4.92077,-4.32757,-0.114383,s,s,131.33,s,s,s,-1
s,s,s,4.84642,-4.32104,-0.113336,s,s,131.72,s,s,s,-1
s,s,s,4.79834,-4.33867,-0.112917,s,s,132.12,s,s,s,-1
s,s,s,4.72519,-4.33287,-0.111905,s,s,132.52,s,s,s,-1
s,s,s,4.69336,-4.36439,-0.11187,s,s,132.92,s,s,s,-1
s,s,s,4.6483,-4.38034,-0.111486,s,s,133.3,s,s,s,-1
s,s,s,4.61684,-4.41349,-0.111486,s,s,133.71,s,s,s,-1
s,s,s,4.58592,-4.44561,-0.111486,s,s,134.11,s,s,s,-1
s,s,s,4.55477,-4.47752,-0.111486,s,s,134.51,s,s,s,-1
s,s,s,4.53693,-4.52112,-0.1118,s,s,134.9,s,s,s,-1
s,s,s,4.51168,-4.55759,-0.11194,s,s,135.29,s,s,s,-1
s,s,s,4.49652,-4.60614,-0.112359,s,s,135.69,s,s,s,-1
s,s,s,4.49337,-4.66768,-0.113092,s,s,136.09,s,s,s,-1
s,s,s,4.49427,-4.73597,-0.113964,s,s,136.5,s,s,s,-1
s,s,s,4.53573,-4.84529,-0.115849,s,s,136.89,s,s,s,-1
s,s,s,0,0,0,s,s,137.29,s,s,s,-1
s,s,s,7.55409,-8.30183,-0.195921,s,s,137.7,s,s,s,-1
s,s,s,7.43997,-8.28907,-0.19442,s,s,138.09,s,s,s,-1
s,s,s,7.33818,-8.29139,-0.193268,s,s,138.49,s,s,s,-1
s,s,s,7.24475,-8.29897,-0.192291,s,s,138.88,s,s,s,-1
s,s,s,7.14229,-8.29781,-0.191104,s,s,139.28,s,s,s,-1
s,s,s,7.05054,-8.30783,-0.190196,s,s,139.68,s,s,s,-1
s,s,s,6.95131,-8.30778,-0.189079,s,s,140.08,s,s,s,-1
s,s,s,6.03166,-7.31178,-0.165449,s,s,140.48,s,s,s,-1
s,s,s,6.26317,-7.69859,-0.173233,s,s,140.87,s,s,s,-1
s,s,s,6.12044,-7.63136,-0.170754,s,s,141.27,s,s,s,-1
s,s,s,6.08934,-7.70214,-0.171383,s,s,141.67,s,s,s,-1
s,s,s,5.85104,-7.50787,-0.166147,s,s,142.07,s,s,s,-1
s,s,s,5.73392,-7.46449,-0.164297,s,s,142.47,s,s,s,-1
s,s,s,5.57906,-7.36882,-0.16133,s,s,142.87,s,s,s,-1
s,s,s,5.42119,-7.25986,-0.158154,s,s,143.25,s,s,s,-1
s,s,s,5.33245,-7.24599,-0.157037,s,s,143.65,s,s,s,-1
s,s,s,5.23947,-7.22476,-0.15578,s,s,144.05,s,s,s,-1
s,s,s,5.14365,-7.19519,-0.154384,s,s,144.44,s,s,s,-1
s,s,s,5.04829,-7.16968,-0.153058,s,s,144.85,s,s,s,-1
s,s,s,4.99241,-7.19653,-0.152883,s,s,145.25,s,s,s,-1
s,s,s,4.90155,-7.16927,-0.151592,s,s,145.64,s,s,s,-1
s,s,s,4.65478,-6.9114,-0.145448,s,s,146.04,s,s,s,-1
s,s,s,4.55999,-6.87374,-0.143982,s,s,146.44,s,s,s,-1
s,s,s,4.41134,-6.74895,-0.140736,s,s,146.83,s,s,s,-1
s,s,s,4.19527,-6.51728,-0.135291,s,s,147.23,s,s,s,-1
s,s,s,4.11755,-6.49574,-0.134244,s,s,147.63,s,s,s,-1
s,s,s,3.99905,-6.40727,-0.131835,s,s,148.03,s,s,s,-1
s,s,s,3.93328,-6.40096,-0.131137,s,s,148.43,s,s,s,-1
s,s,s,3.86469,-6.38891,-0.130335,s,s,148.83,s,s,s,-1
s,s,s,3.79758,-6.37556,-0.129532,s,s,149.22,s,s,s,-1
s,s,s,3.73882,-6.37776,-0.129043,s,s,149.62,s,s,s,-1
s,s,s,3.57629,-6.19931,-0.124924,s,s,150.02,s,s,s,-1
s,s,s,3.48447,-6.14126,-0.123249,s,s,150.43,s,s,s,-1
s,s,s,3.39092,-6.07231,-0.121399,s,s,150.82,s,s,s,-1
s,s,s,3.31667,-6.03799,-0.120247,s,s,151.22,s,s,s,-1
s,s,s,3.27655,-6.05986,-0.120247,s,s,151.6,s,s,s,-1
s,s,s,3.22759,-6.07022,-0.120003,s,s,152,s,s,s,-1
s,s,s,3.16648,-6.05949,-0.11934,s,s,152.41,s,s,s,-1
s,s,s,3.1215,-6.07379,-0.1192,s,s,152.8,s,s,s,-1
s,s,s,3.07255,-6.08526,-0.118991,s,s,153.21,s,s,s,-1
s,s,s,0,0,0,s,s,153.6,s,s,s,-1
s,s,s,0,0,0,s,s,153.99,s,s,s,-1
s,s,s,0,0,0,s,s,154.39,s,s,s,-1
s,s,s,0,0,0,s,s,154.81,s,s,s,-1
s,s,s,0,0,0,s,s,155.19,s,s,s,-1
s,s,s,0,0,0,s,s,155.59,s,s,s,-1
s,s,s,0,0,0,s,s,155.99,s,s,s,-1
s,s,s,0,0,0,s,s,156.4,s,s,s,-1
s,s,s,0,0,0,s,s,156.8,s,s,s,-1
s,s,s,0,0,0,s,s,157.2,s,s,s,-1
s,s,s,0,0,0,s,s,157.58,s,s,s,-1
s,s,s,0.194184,-0.48014,-0.00904035,s,s,157.98,s,s,s,-1
s,s,s,0,0,0,s,s,158.38,s,s,s,-1
s,s,s,0.181671,-0.467892,-0.00876111,s,s,158.78,s,s,s,-1
s,s,s,0,0,0,s,s,159.17,s,s,s,-1
s,s,s,0,0,0,s,s,159.57,s,s,s,-1
s,s,s,0,0,0,s,s,159.97,s,s,s,-1
s,s,s,0,0,0,s,s,160.37,s,s,s,-1
s,s,s,0,0,0,s,s,160.77,s,s,s,-1
s,s,s,0,0,0,s,s,161.16,s,s,s,-1
s,s,s,0,0,0,s,s,161.56,s,s,s,-1
s,s,s,0,0,0,s,s,161.96,s,s,s,-1
s,s,s,0,0,0,s,s,162.35,s,s,s,-1
s,s,s,0,0,0,s,s,162.75,s,s,s,-1
s,s,s,1.5485,-5.11597,-0.0933006,s,s,163.16,s,s,s,-1
s,s,s,0,0,0,s,s,163.54,s,s,s,-1
s,s,s,0,0,0,s,s,163.95,s,s,s,-1
s,s,s,0,0,0,s,s,164.35,s,s,s,-1
s,s,s,0,0,0,s,s,164.74,s,s,s,-1
s,s,s,0,0,0,s,s,165.14,s,s,s,-1
s,s,s,0,0,0,s,s,165.55,s,s,s,-1
s,s,s,0,0,0,s,s,165.94,s,s,s,-1
s,s,s,0,0,0,s,s,166.33,s,s,s,-1
s,s,s,0,0,0,s,s,166.74,s,s,s,-1
s,s,s,0,0,0,s,s,167.13,s,s,s,-1
s,s,s,0,0,0,s,s,167.54,s,s,s,-1
s,s,s,0,0,0,s,s,167.93,s,s,s,-1
s,s,s,0,0,0,s,s,168.33,s,s,s,-1
s,s,s,0,0,0,s,s,168.72,s,s,s,-1
s,s,s,0,0,0,s,s,169.12,s,s,s,-1
s,s,s,0,0,0,s,s,169.52,s,s,s,-1
s,s,s,0,0,0,s,s,169.92,s,s,s,-1
s,s,s,0,0,0,s,s,170.32,s,s,s,-1
s,s,s,0,0,0,s,s,170.7,s,s,s,-1
s,s,s,0,0,0,s,s,171.11,s,s,s,-1
s,s,s,0,0,0,s,s,171.5,s,s,s,-1
s,s,s,0,0,0,s,s,171.89,s,s,s,-1
s,s,s,0,0,0,s,s,172.3,s,s,s,-1
s,s,s,0,0,0,s,s,172.71,s,s,s,-1
s,s,s,0,0,0,s,s,173.11,s,s,s,-1
s,s,s,0,0,0,s,s,173.49,s,s,s,-1
s,s,s,0,0,0,s,s,173.9,s,s,s,-1
s,s,s,0,0,0,s,s,174.3,s,s,s,-1
s,s,s,0,0,0,s,s,174.7,s,s,s,-1
s,s,s,0,0,0,s,s,175.09,s,s,s,-1
s,s,s,0,0,0,s,s,175.5,s,s,s,-1
s,s,s,0,0,0,s,s,175.89,s,s,s,-1
s,s,s,0,0,0,s,s,176.28,s,s,s,-1
s,s,s,0,0,0,s,s,176.68,s,s,s,-1
s,s,s,0,0,0,s,s,177.09,s,s,s,-1
s,s,s,0,0,0,s,s,177.48,s,s,s,-1
s,s,s,0,0,0,s,s,177.87,s,s,s,-1
s,s,s,0,0,0,s,s,178.28,s,s,s,-1
s,s,s,0,0,0,s,s,178.67,s,s,s,-1
s,s,s,0,0,0,s,s,179.07,s,s,s,-1
s,s,s,0,0,0,s,s,179.47,s,s,s,-1
s,s,s,0,0,0,s,s,179.87,s,s,s,-1
s,s,s,0,0,0,s,s,180.27,s,s,s,-1
s,s,s,0,0,0,s,s,180.65,s,s,s,-1
s,s,s,0,0,0,s,s,181.05,s,s,s,-1
s,s,s,0,0,0,s,s,181.45,s,s,s,-1
s,s,s,0,0,0,s,s,181.85,s,s,s,-1
s,s,s,0,0,0,s,s,182.25,s,s,s,-1
s,s,s,0,0,0,s,s,182.65,s,s,s,-1
s,s,s,0,0,0,s,s,183.04,s,s,s,-1
s,s,s,0,0,0,s,s,183.44,s,s,s,-1
s,s,s,0,0,0,s,s,183.85,s,s,s,-1
s,s,s,0,0,0,s,s,184.24,s,s,s,-1
s,s,s,0,0,0,s,s,184.64,s,s,s,-1
s,s,s,0,0,0,s,s,185.03,s,s,s,-1
s,s,s,0,0,0,s,s,185.43,s,s,s,-1
s,s,s,0,0,0,s,s,185.83,s,s,s,-1
s,s,s,0,0,0,s,s,186.23,s,s,s,-1
s,s,s,0,0,0,s,s,186.63,s,s,s,-1
s,s,s,0,0,0,s,s,187.04,s,s,s,-1
s,s,s,0,0,0,s,s,187.43,s,s,s,-1
s,s,s,0,0,0,s,s,187.82,s,s,s,-1
s,s,s,0,0,0,s,s,188.22,s,s,s,-1
s,s,s,0,0,0,s,s,188.62,s,s,s,-1
s,s,s,0,0,0,s,s,189.02,s,s,s,-1
s,s,s,0,0,0,s,s,189.42,s,s,s,-1
s,s,s,0,0,0,s,s,189.82,s,s,s,-1
s,s,s,0,0,0,s,s,190.22,s,s,s,-1
s,s,s,0,0,0,s,s,190.6,s,s,s,-1
s,s,s,0,0,0,s,s,191,s,s,s,-1
s,s,s,-0.319642,-1.58382,-0.0282031,s,s,191.41,s,s,s,-1
s,s,s,-0.332328,-1.58938,-0.0283427,s,s,191.81,s,s,s,-1
s,s,s,-0.341724,-1.5792,-0.0282031,s,s,192.21,s,s,s,-1
s,s,s,-0.365116,-1.63344,-0.0292153,s,s,192.6,s,s,s,-1
s,s,s,-0.371282,-1.60948,-0.0288314,s,s,192.99,s,s,s,-1
s,s,s,-0.38112,-1.60101,-0.0287267,s,s,193.39,s,s,s,-1
s,s,s,-0.40039,-1.63133,-0.02932,s,s,193.79,s,s,s,-1
s,s,s,-0.403714,-1.59546,-0.0287267,s,s,194.2,s,s,s,-1
s,s,s,-0.417587,-1.60429,-0.0289361,s,s,194.59,s,s,s,-1
s,s,s,-0.420502,-1.57043,-0.0283776,s,s,194.99,s,s,s,-1
s,s,s,-0.448153,-1.62923,-0.0294946,s,s,195.38,s,s,s,-1
s,s,s,-0.463065,-1.63753,-0.029704,s,s,195.79,s,s,s,-1
s,s,s,-0.467513,-1.61129,-0.0292851,s,s,196.18,s,s,s,-1
s,s,s,-0.480463,-1.61374,-0.0293899,s,s,196.58,s,s,s,-1
s,s,s,-0.501061,-1.64094,-0.0299483,s,s,196.98,s,s,s,-1
s,s,s,-0.514296,-1.64313,-0.030053,s,s,197.38,s,s,s,-1
s,s,s,-0.527587,-1.64521,-0.0301578,s,s,197.78,s,s,s,-1
s,s,s,-0.539683,-1.64339,-0.0301927,s,s,198.18,s,s,s,-1
s,s,s,0,0,0,s,s,198.57,s,s,s,-1
s,s,s,-1.66477,-4.84308,-0.0893912,s,s,198.97,s,s,s,-1
s,s,s,-1.69854,-4.83134,-0.0893912,s,s,199.37,s,s,s,-1
s,s,s,-0.17789,-0.494921,-0.00917997,s,s,199.77,s,s,s,-1
s,s,s,-0.175741,-0.478681,-0.00890073,s,s,200.16,s,s,s,-1
s,s,s,-0.17627,-0.469953,-0.00876111,s,s,200.56,s,s,s,-1
s,s,s,-0.182407,-0.476181,-0.00890073,s,s,200.96,s,s,s,-1
s,s,s,-0.188641,-0.482345,-0.00904035,s,s,201.36,s,s,s,-1
s,s,s,-0.192745,-0.482874,-0.00907525,s,s,201.76,s,s,s,-1
s,s,s,-0.194603,-0.477812,-0.00900544,s,s,202.16,s,s,s,-1
s,s,s,-0.196399,-0.472749,-0.00893563,s,s,202.56,s,s,s,-1
s,s,s,-0.196575,-0.464001,-0.00879601,s,s,202.96,s,s,s,-1
s,s,s,-0.203691,-0.471832,-0.00897054,s,s,203.35,s,s,s,-1
s,s,s,-0.204564,-0.464907,-0.00886582,s,s,203.75,s,s,s,-1
s,s,s,0,0,0,s,s,204.14,s,s,s,-1
s,s,s,-0.230145,-0.503841,-0.00966863,s,s,204.55,s,s,s,-1
s,s,s,0,0,0,s,s,204.95,s,s,s,-1
s,s,s,0,0,0,s,s,205.33,s,s,s,-1
s,s,s,0,0,0,s,s,205.74,s,s,s,-1
s,s,s,0,0,0,s,s,206.14,s,s,s,-1
s,s,s,0,0,0,s,s,206.53,s,s,s,-1
s,s,s,-1.14244,-2.24797,-0.044015,s,s,206.94,s,s,s,-1
s,s,s,-1.13239,-2.19021,-0.0430376,s,s,207.34,s,s,s,-1
s,s,s,-1.13424,-2.15767,-0.042549,s,s,207.73,s,s,s,-1
s,s,s,-1.15267,-2.15695,-0.0426886,s,s,208.12,s,s,s,-1
s,s,s,-1.16235,-2.13811,-0.0424792,s,s,208.53,s,s,s,-1
s,s,s,-1.19079,-2.15444,-0.0429678,s,s,208.93,s,s,s,-1
s,s,s,-1.20543,-2.14629,-0.0429678,s,s,209.32,s,s,s,-1
s,s,s,-1.21443,-2.1274,-0.0427584,s,s,209.72,s,s,s,-1
s,s,s,-1.22925,-2.11887,-0.0427584,s,s,210.12,s,s,s,-1
s,s,s,-1.25417,-2.12746,-0.0431074,s,s,210.52,s,s,s,-1
s,s,s,-1.27927,-2.13581,-0.0434565,s,s,210.92,s,s,s,-1
s,s,s,-1.29133,-2.12386,-0.0433867,s,s,211.3,s,s,s,-1
s,s,s,-1.29877,-2.10288,-0.0431423,s,s,211.7,s,s,s,-1
s,s,s,-1.31485,-2.09523,-0.0431773,s,s,212.11,s,s,s,-1
s,s,s,-1.33982,-2.1031,-0.0435263,s,s,212.5,s,s,s,-1
s,s,s,-1.35628,-2.09729,-0.0435961,s,s,212.89,s,s,s,-1
s,s,s,-3.06995,-4.67533,-0.0976288,s,s,213.29,s,s,s,-1
s,s,s,-3.19902,-4.79854,-0.100665,s,s,213.69,s,s,s,-1
s,s,s,-3.32547,-4.91354,-0.103563,s,s,214.09,s,s,s,-1
s,s,s,-3.37554,-4.91328,-0.104051,s,s,214.49,s,s,s,-1
s,s,s,-3.37117,-4.83606,-0.102899,s,s,214.88,s,s,s,-1
s,s,s,-3.46144,-4.89239,-0.10461,s,s,215.28,s,s,s,-1
s,s,s,-3.5057,-4.88049,-0.104889,s,s,215.69,s,s,s,-1
s,s,s,-3.57417,-4.905,-0.105936,s,s,216.08,s,s,s,-1
s,s,s,-3.67371,-4.96836,-0.107856,s,s,216.48,s,s,s,-1
s,s,s,-3.73558,-4.97713,-0.108624,s,s,216.89,s,s,s,-1
s,s,s,-3.82751,-5.02796,-0.110299,s,s,217.28,s,s,s,-1
s,s,s,-3.86287,-5.00338,-0.110334,s,s,217.67,s,s,s,-1
s,s,s,-3.85208,-4.91804,-0.109043,s,s,218.07,s,s,s,-1
s,s,s,-3.78638,-4.76355,-0.106215,s,s,218.48,s,s,s,-1
s,s,s,-3.825,-4.74545,-0.10639,s,s,218.87,s,s,s,-1
s,s,s,-4.03017,-4.92917,-0.111137,s,s,219.27,s,s,s,-1
s,s,s,-4.05172,-4.88553,-0.110788,s,s,219.67,s,s,s,-1
s,s,s,-3.99691,-4.75153,-0.108379,s,s,220.07,s,s,s,-1
s,s,s,-4.13512,-4.84673,-0.111207,s,s,220.47,s,s,s,-1
s,s,s,-4.28531,-4.95233,-0.114313,s,s,220.87,s,s,s,-1
s,s,s,-4.18177,-4.76671,-0.110683,s,s,221.26,s,s,s,-1
s,s,s,-4.35897,-4.90101,-0.114488,s,s,221.65,s,s,s,-1
s,s,s,-4.44799,-4.93134,-0.115919,s,s,222.05,s,s,s,-1
s,s,s,-4.47961,-4.89721,-0.115849,s,s,222.45,s,s,s,-1
s,s,s,-4.41034,-4.7544,-0.113196,s,s,222.85,s,s,s,-1
s,s,s,-4.43794,-4.71767,-0.113057,s,s,223.25,s,s,s,-1
s,s,s,-4.42798,-4.64172,-0.111975,s,s,223.65,s,s,s,-1
s,s,s,-4.49561,-4.64884,-0.112882,s,s,224.04,s,s,s,-1
s,s,s,-4.52876,-4.61656,-0.112882,s,s,224.45,s,s,s,-1
s,s,s,-4.56008,-4.58562,-0.112882,s,s,224.84,s,s,s,-1
s,s,s,-4.58631,-4.54804,-0.112743,s,s,225.24,s,s,s,-1
s,s,s,-4.64797,-4.54527,-0.113476,s,s,225.64,s,s,s,-1
s,s,s,-4.66807,-4.50161,-0.113196,s,s,226.04,s,s,s,-1
s,s,s,-4.74364,-4.50942,-0.114243,s,s,226.45,s,s,s,-1
s,s,s,-4.77569,-4.4784,-0.114278,s,s,226.84,s,s,s,-1
s,s,s,-4.87144,-4.50469,-0.115814,s,s,227.24,s,s,s,-1
s,s,s,-4.96039,-4.52311,-0.117175,s,s,227.64,s,s,s,-1
s,s,s,-5.0885,-4.57528,-0.119444,s,s,228.04,s,s,s,-1
s,s,s,-5.05221,-4.48083,-0.117874,s,s,228.43,s,s,s,-1
s,s,s,-5.11347,-4.47178,-0.118572,s,s,228.83,s,s,s,-1
s,s,s,-5.25209,-4.52869,-0.12105,s,s,229.23,s,s,s,-1
s,s,s,-5.26834,-4.47896,-0.120701,s,s,229.63,s,s,s,-1
s,s,s,-5.4604,-4.57695,-0.124366,s,s,230.03,s,s,s,-1
s,s,s,-5.54925,-4.58585,-0.125657,s,s,230.43,s,s,s,-1
s,s,s,-5.61369,-4.57352,-0.12639,s,s,230.83,s,s,s,-1
s,s,s,-5.87384,-4.71932,-0.131521,s,s,231.22,s,s,s,-1
s,s,s,-5.66367,-4.48575,-0.126111,s,s,231.62,s,s,s,-1
s,s,s,-6.2812,-4.90388,-0.139096,s,s,232.02,s,s,s,-1
s,s,s,-6.20118,-4.7721,-0.136583,s,s,232.42,s,s,s,-1
s,s,s,-6.18655,-4.69244,-0.135535,s,s,232.82,s,s,s,-1
s,s,s,-6.18392,-4.6228,-0.134767,s,s,233.22,s,s,s,-1
s,s,s,-5.498,-4.05051,-0.1192,s,s,233.62,s,s,s,-1
s,s,s,-6.26404,-4.54775,-0.135117,s,s,234.02,s,s,s,-1
s,s,s,-6.40623,-4.58303,-0.13749,s,s,234.42,s,s,s,-1
s,s,s,-6.44461,-4.5428,-0.13763,s,s,234.82,s,s,s,-1
s,s,s,-6.70448,-4.65974,-0.142516,s,s,235.2,s,s,s,-1
s,s,s,-6.86637,-4.69974,-0.145239,s,s,235.61,s,s,s,-1
s,s,s,-6.70258,-4.52095,-0.14112,s,s,236,s,s,s,-1
s,s,s,-6.95383,-4.62012,-0.145728,s,s,236.4,s,s,s,-1
s,s,s,-9.32287,-6.09839,-0.194455,s,s,236.81,s,s,s,-1
s,s,s,-8.69518,-5.60366,-0.180563,s,s,237.2,s,s,s,-1
s,s,s,-8.83441,-5.60865,-0.182657,s,s,237.59,s,s,s,-1
s,s,s,-9.53635,-5.96129,-0.196305,s,s,237.99,s,s,s,-1
s,s,s,-9.57603,-5.89352,-0.19627,s,s,238.39,s,s,s,-1
s,s,s,-9.64089,-5.84103,-0.196758,s,s,238.79,s,s,s,-1
s,s,s,-11.0108,-6.56634,-0.223775,s,s,239.19,s,s,s,-1
s,s,s,-11.1391,-6.53789,-0.22545,s,s,239.59,s,s,s,-1
s,s,s,-11.2826,-6.51401,-0.227405,s,s,240,s,s,s,-1
s,s,s,-12.605,-7.16645,-0.253095,s,s,240.38,s,s,s,-1
s,s,s,-12.9584,-7.24814,-0.259168,s,s,240.78,s,s,s,-1
s,s,s,-12.7026,-6.99198,-0.253095,s,s,241.17,s,s,s,-1
s,s,s,-14.9211,-8.07793,-0.296167,s,s,241.57,s,s,s,-1
s,s,s,-15.3493,-8.16823,-0.303497,s,s,241.98,s,s,s,-1
s,s,s,-15.8687,-8.30653,-0.312642,s,s,242.37,s,s,s,-1
s,s,s,-16.2641,-8.36939,-0.319274,s,s,242.77,s,s,s,-1
s,s,s,-16.4756,-8.33326,-0.322276,s,s,243.17,s,s,s,-1
s,s,s,0,0,0,s,s,243.56,s,s,s,-1
s,s,s,0,0,0,s,s,243.96,s,s,s,-1
s,s,s,0,0,0,s,s,244.36,s,s,s,-1
s,s,s,0,0,0,s,s,244.76,s,s,s,-1
s,s,s,0,0,0,s,s,245.15,s,s,s,-1
s,s,s,0,0,0,s,s,245.56,s,s,s,-1
s,s,s,0,0,0,s,s,245.96,s,s,s,-1
s,s,s,0,0,0,s,s,246.36,s,s,s,-1
s,s,s,0,0,0,s,s,246.74,s,s,s,-1
s,s,s,-0.521542,-0.219665,-0.00987806,s,s,247.16,s,s,s,-1
s,s,s,-0.49349,-0.203805,-0.00931959,s,s,247.56,s,s,s,-1
s,s,s,-0.467065,-0.189181,-0.00879601,s,s,247.95,s,s,s,-1
s,s,s,-0.485102,-0.192555,-0.00911016,s,s,248.35,s,s,s,-1
s,s,s,0,0,0,s,s,248.75,s,s,s,-1
s,s,s,0,0,0,s,s,249.15,s,s,s,-1
s,s,s,-0.472165,-0.176066,-0.00879601,s,s,249.55,s,s,s,-1
s,s,s,-0.469625,-0.171394,-0.0087262,s,s,249.95,s,s,s,-1
s,s,s,-0.487699,-0.174333,-0.00904035,s,s,250.33,s,s,s,-1
s,s,s,0,0,0,s,s,250.73,s,s,s,-1
s,s,s,0,0,0,s,s,251.14,s,s,s,-1
s,s,s,0,0,0,s,s,251.54,s,s,s,-1
s,s,s,0,0,0,s,s,251.94,s,s,s,-1
s,s,s,0,0,0,s,s,252.34,s,s,s,-1
s,s,s,0,0,0,s,s,252.74,s,s,s,-1
s,s,s,0,0,0,s,s,253.13,s,s,s,-1
s,s,s,0,0,0,s,s,253.53,s,s,s,-1
s,s,s,0,0,0,s,s,253.93,s,s,s,-1
s,s,s,0,0,0,s,s,254.33,s,s,s,-1
s,s,s,0,0,0,s,s,254.73,s,s,s,-1
s,s,s,0,0,0,s,s,255.13,s,s,s,-1
s,s,s,0,0,0,s,s,255.53,s,s,s,-1
s,s,s,0,0,0,s,s,255.92,s,s,s,-1
s,s,s,0,0,0,s,s,256.32,s,s,s,-1
s,s,s,0,0,0,s,s,256.72,s,s,s,-1
s,s,s,0,0,0,s,s,257.12,s,s,s,-1
s,s,s,0,0,0,s,s,257.52,s,s,s,-1
s,s,s,0,0,0,s,s,257.92,s,s,s,-1
s,s,s,0,0,0,s,s,258.32,s,s,s,-1
s,s,s,0,0,0,s,s,258.72,s,s,s,-1
s,s,s,0,0,0,s,s,259.11,s,s,s,-1
s,s,s,0,0,0,s,s,259.52,s,s,s,-1
s,s,s,0,0,0,s,s,259.91,s,s,s,-1
s,s,s,0,0,0,s,s,260.3,s,s,s,-1
s,s,s,0,0,0,s,s,260.71,s,s,s,-1
s,s,s,0,0,0,s,s,261.1,s,s,s,-1
s,s,s,0,0,0,s,s,261.51,s,s,s,-1
s,s,s,0,0,0,s,s,261.9,s,s,s,-1
s,s,s,0,0,0,s,s,262.31,s,s,s,-1
s,s,s,0,0,0,s,s,262.69,s,s,s,-1
s,s,s,0,0,0,s,s,263.11,s,s,s,-1
s,s,s,0,0,0,s,s,263.49,s,s,s,-1
s,s,s,0,0,0,s,s,263.89,s,s,s,-1
s,s,s,0,0,0,s,s,264.29,s,s,s,-1
s,s,s,0,0,0,s,s,264.7,s,s,s,-1
s,s,s,0,0,0,s,s,265.1,s,s,s,-1
s,s,s,0,0,0,s,s,265.49,s,s,s,-1
s,s,s,0,0,0,s,s,265.88,s,s,s,-1
s,s,s,0,0,0,s,s,266.29,s,s,s,-1
s,s,s,0,0,0,s,s,266.69,s,s,s,-1
s,s,s,0,0,0,s,s,267.08,s,s,s,-1
s,s,s,0,0,0,s,s,267.48,s,s,s,-1
s,s,s,0,0,0,s,s,267.87,s,s,s,-1
s,s,s,0,0,0,s,s,268.27,s,s,s,-1
s,s,s,0,0,0,s,s,268.67,s,s,s,-1
s,s,s,0,0,0,s,s,269.07,s,s,s,-1
s,s,s,0,0,0,s,s,269.47,s,s,s,-1
s,s,s,0,0,0,s,s,269.87,s,s,s,-1
s,s,s,0,0,0,s,s,270.27,s,s,s,-1
s,s,s,0,0,0,s,s,270.65,s,s,s,-1
s,s,s,0,0,0,s,s,271.05,s,s,s,-1
s,s,s,0,0,0,s,s,271.46,s,s,s,-1
s,s,s,0,0,0,s,s,271.85,s,s,s,-1
s,s,s,0,0,0,s,s,272.25,s,s,s,-1
s,s,s,0,0,0,s,s,272.64,s,s,s,-1
s,s,s,0,0,0,s,s,273.04,s,s,s,-1
s,s,s,0,0,0,s,s,273.44,s,s,s,-1
s,s,s,0,0,0,s,s,273.84,s,s,s,-1
s,s,s,0,0,0,s,s,274.24,s,s,s,-1
s,s,s,0,0,0,s,s,274.64,s,s,s,-1
s,s,s,0,0,0,s,s,275.04,s,s,s,-1
s,s,s,0,0,0,s,s,275.44,s,s,s,-1
s,s,s,0,0,0,s,s,275.83,s,s,s,-1
s,s,s,0,0,0,s,s,276.23,s,s,s,-1
s,s,s,0,0,0,s,s,276.65,s,s,s,-1
s,s,s,0,0,0,s,s,277.03,s,s,s,-1
s,s,s,0,0,0,s,s,277.43,s,s,s,-1
s,s,s,0,0,0,s,s,277.83,s,s,s,-1
s,s,s,0,0,0,s,s,278.23,s,s,s,-1
s,s,s,0,0,0,s,s,278.63,s,s,s,-1
s,s,s,0,0,0,s,s,279.02,s,s,s,-1
s,s,s,0,0,0,s,s,279.42,s,s,s,-1
s,s,s,0,0,0,s,s,279.82,s,s,s,-1
s,s,s,0,0,0,s,s,280.22,s,s,s,-1
s,s,s,0,0,0,s,s,280.62,s,s,s,-1
s,s,s,0,0,0,s,s,281.02,s,s,s,-1
s,s,s,0,0,0,s,s,281.42,s,s,s,-1
s,s,s,0,0,0,s,s,281.82,s,s,s,-1
s,s,s,0,0,0,s,s,282.22,s,s,s,-1
s,s,s,0,0,0,s,s,282.6,s,s,s,-1
s,s,s,0,0,0,s,s,283.01,s,s,s,-1
s,s,s,0,0,0,s,s,283.4,s,s,s,-1
s,s,s,0,0,0,s,s,283.81,s,s,s,-1
s,s,s,0,0,0,s,s,284.2,s,s,s,-1
s,s,s,0,0,0,s,s,284.61,s,s,s,-1
s,s,s,0,0,0,s,s,285,s,s,s,-1
s,s,s,0,0,0,s,s,285.39,s,s,s,-1
s,s,s,0,0,0,s,s,285.81,s,s,s,-1
s,s,s,0,0,0,s,s,286.19,s,s,s,-1
s,s,s,0,0,0,s,s,286.61,s,s,s,-1
s,s,s,0,0,0,s,s,287.01,s,s,s,-1
s,s,s,0,0,0,s,s,287.41,s,s,s,-1
s,s,s,0,0,0,s,s,287.79,s,s,s,-1
s,s,s,0,0,0,s,s,288.19,s,s,s,-1
s,s,s,0,0,0,s,s,288.58,s,s,s,-1
s,s,s,0,0,0,s,s,288.99,s,s,s,-1
s,s,s,0,0,0,s,s,289.38,s,s,s,-1
s,s,s,0,0,0,s,s,289.79,s,s,s,-1
s,s,s,0,0,0,s,s,290.18,s,s,s,-1
s,s,s,0,0,0,s,s,290.59,s,s,s,-1
s,s,s,0,0,0,s,s,290.98,s,s,s,-1
s,s,s,0,0,0,s,s,291.38,s,s,s,-1
s,s,s,0,0,0,s,s,291.78,s,s,s,-1
s,s,s,0,0,0,s,s,292.18,s,s,s,-1
s,s,s,0,0,0,s,s,292.57,s,s,s,-1
s,s,s,0,0,0,s,s,292.98,s,s,s,-1
s,s,s,0,0,0,s,s,293.38,s,s,s,-1
s,s,s,0,0,0,s,s,293.77,s,s,s,-1
s,s,s,0,0,0,s,s,294.17,s,s,s,-1
s,s,s,0,0,0,s,s,294.57,s,s,s,-1
s,s,s,0,0,0,s,s,294.97,s,s,s,-1
s,s,s,0,0,0,s,s,295.36,s,s,s,-1
s,s,s,0,0,0,s,s,295.75,s,s,s,-1
s,s,s,0,0,0,s,s,296.16,s,s,s,-1
s,s,s,0,0,0,s,s,296.56,s,s,s,-1
s,s,s,0,0,0,s,s,296.96,s,s,s,-1
s,s,s,-18.0318,9.33081,-0.354389,s,s,297.36,s,s,s,-1
s,s,s,-17.6866,9.3093,-0.348874,s,s,297.76,s,s,s,-1
s,s,s,-17.4428,9.32926,-0.345278,s,s,298.14,s,s,s,-1
s,s,s,-16.2534,8.84693,-0.323009,s,s,298.56,s,s,s,-1
s,s,s,-17.1273,9.4782,-0.341683,s,s,298.96,s,s,s,-1
s,s,s,-17.1008,9.62009,-0.342486,s,s,299.36,s,s,s,-1
s,s,s,-16.785,9.5973,-0.337495,s,s,299.76,s,s,s,-1
s,s,s,-15.9412,9.25936,-0.321787,s,s,300.15,s,s,s,-1
s,s,s,-15.7659,9.30537,-0.319554,s,s,300.55,s,s,s,-1
s,s,s,-15.776,9.46046,-0.321089,s,s,300.95,s,s,s,-1
s,s,s,-15.6447,9.53084,-0.319763,s,s,301.35,s,s,s,-1
s,s,s,-15.4604,9.56722,-0.317355,s,s,301.75,s,s,s,-1
s,s,s,-15.3035,9.61105,-0.315435,s,s,302.13,s,s,s,-1
s,s,s,-15.2023,9.69988,-0.314772,s,s,302.54,s,s,s,-1
s,s,s,-15.151,9.81664,-0.315121,s,s,302.94,s,s,s,-1
s,s,s,-15.0938,9.92987,-0.315365,s,s,303.34,s,s,s,-1
s,s,s,-14.921,9.96614,-0.313201,s,s,303.74,s,s,s,-1
s,s,s,-14.6459,9.9309,-0.308873,s,s,304.14,s,s,s,-1
s,s,s,-14.6257,10.0632,-0.309885,s,s,304.53,s,s,s,-1
s,s,s,-14.5683,10.1706,-0.310129,s,s,304.92,s,s,s,-1
s,s,s,-14.5604,10.3208,-0.311525,s,s,305.33,s,s,s,-1
s,s,s,-14.4815,10.4175,-0.311386,s,s,305.73,s,s,s,-1
s,s,s,-14.42,10.5229,-0.311595,s,s,306.12,s,s,s,-1
s,s,s,-14.3253,10.6079,-0.311142,s,s,306.52,s,s,s,-1
s,s,s,-14.2876,10.7353,-0.311944,s,s,306.92,s,s,s,-1
s,s,s,-14.2092,10.8323,-0.311875,s,s,307.32,s,s,s,-1
s,s,s,-14.0165,10.8371,-0.309257,s,s,307.71,s,s,s,-1
s,s,s,-14.073,11.0346,-0.312154,s,s,308.1,s,s,s,-1
s,s,s,-13.9252,11.0766,-0.310583,s,s,308.5,s,s,s,-1
s,s,s,-13.8518,11.181,-0.310723,s,s,308.91,s,s,s,-1
s,s,s,-13.7723,11.2725,-0.310653,s,s,309.3,s,s,s,-1
s,s,s,-13.6743,11.3567,-0.310269,s,s,309.71,s,s,s,-1
s,s,s,-13.5911,11.4407,-0.310094,s,s,310.09,s,s,s,-1
s,s,s,-13.522,11.553,-0.310443,s,s,310.51,s,s,s,-1
s,s,s,-13.368,11.5756,-0.308663,s,s,310.89,s,s,s,-1
s,s,s,-13.3034,11.6832,-0.309047,s,s,311.29,s,s,s,-1
s,s,s,-13.1622,11.7312,-0.307756,s,s,311.71,s,s,s,-1
s,s,s,-13.0354,11.7826,-0.306709,s,s,312.11,s,s,s,-1
s,s,s,-12.8739,11.7967,-0.304789,s,s,312.5,s,s,s,-1
s,s,s,-6.88192,6.39508,-0.163983,s,s,312.9,s,s,s,-1
s,s,s,-6.83275,6.43885,-0.163878,s,s,313.3,s,s,s,-1
s,s,s,-12.4113,11.8522,-0.299553,s,s,313.68,s,s,s,-1
s,s,s,-12.538,12.1502,-0.304754,s,s,314.1,s,s,s,-1
s,s,s,-11.7951,11.583,-0.288558,s,s,314.48,s,s,s,-1
s,s,s,-12.2942,12.2471,-0.302904,s,s,314.89,s,s,s,-1
s,s,s,-12.302,12.4229,-0.305173,s,s,315.28,s,s,s,-1
s,s,s,-12.1234,12.419,-0.302939,s,s,315.69,s,s,s,-1
s,s,s,-12.0331,12.4955,-0.302799,s,s,316.08,s,s,s,-1
s,s,s,-11.8147,12.4414,-0.299483,s,s,316.48,s,s,s,-1
s,s,s,-11.8342,12.6374,-0.302206,s,s,316.88,s,s,s,-1
s,s,s,-11.6963,12.6619,-0.300879,s,s,317.27,s,s,s,-1
s,s,s,-11.6606,12.8059,-0.302311,s,s,317.68,s,s,s,-1
s,s,s,-11.7015,13.0278,-0.305661,s,s,318.07,s,s,s,-1
s,s,s,-11.6288,13.1301,-0.30615,s,s,318.47,s,s,s,-1
s,s,s,-11.3527,13.0001,-0.301263,s,s,318.87,s,s,s,-1
s,s,s,-11.4535,13.3018,-0.306394,s,s,319.27,s,s,s,-1
s,s,s,-11.3784,13.4028,-0.306883,s,s,319.67,s,s,s,-1
s,s,s,-11.1699,13.3354,-0.303637,s,s,320.05,s,s,s,-1
s,s,s,-10.5977,12.8333,-0.290513,s,s,320.45,s,s,s,-1
s,s,s,-10.8803,13.3644,-0.30081,s,s,320.85,s,s,s,-1
s,s,s,-10.6491,13.2685,-0.29697,s,s,321.25,s,s,s,-1
s,s,s,-10.4942,13.2641,-0.295225,s,s,321.65,s,s,s,-1
s,s,s,-10.3288,13.244,-0.293166,s,s,322.05,s,s,s,-1
s,s,s,-10.2995,13.4032,-0.29505,s,s,322.46,s,s,s,-1
s,s,s,-10.0836,13.3039,-0.291385,s,s,322.84,s,s,s,-1
s,s,s,-10.0168,13.4092,-0.292153,s,s,323.24,s,s,s,-1
s,s,s,-9.91936,13.474,-0.292049,s,s,323.64,s,s,s,-1
s,s,s,-9.83327,13.5542,-0.292293,s,s,324.04,s,s,s,-1
s,s,s,-9.74189,13.6274,-0.292398,s,s,324.44,s,s,s,-1
s,s,s,-9.64652,13.6951,-0.292398,s,s,324.84,s,s,s,-1
s,s,s,-9.62806,13.8788,-0.294841,s,s,325.25,s,s,s,-1
s,s,s,-9.2941,13.594,-0.287441,s,s,325.64,s,s,s,-1
s,s,s,-9.26169,13.7465,-0.289326,s,s,326.03,s,s,s,-1
s,s,s,-9.19072,13.8541,-0.290199,s,s,326.44,s,s,s,-1
s,s,s,-9.10496,13.9298,-0.290478,s,s,326.83,s,s,s,-1
s,s,s,0,0,0,s,s,327.23,s,s,s,-1
s,s,s,-8.67084,13.6789,-0.282694,s,s,327.63,s,s,s,-1
s,s,s,-8.81018,14.1157,-0.290443,s,s,328.03,s,s,s,-1
s,s,s,-8.57985,13.9573,-0.285975,s,s,328.42,s,s,s,-1
s,s,s,-8.50356,14.0577,-0.286778,s,s,328.83,s,s,s,-1
s,s,s,-8.12319,13.6376,-0.277074,s,s,329.22,s,s,s,-1
s,s,s,-8.03285,13.7026,-0.277249,s,s,329.62,s,s,s,-1
s,s,s,-8.1878,14.1931,-0.28601,s,s,330.02,s,s,s,-1
s,s,s,-7.8516,13.8326,-0.277633,s,s,330.42,s,s,s,-1
s,s,s,-7.77922,13.9307,-0.278506,s,s,330.82,s,s,s,-1
s,s,s,-7.67311,13.9689,-0.278191,s,s,331.22,s,s,s,-1
s,s,s,-7.58015,14.0309,-0.278366,s,s,331.62,s,s,s,-1
s,s,s,-7.42197,13.9705,-0.276132,s,s,332.02,s,s,s,-1
s,s,s,-7.33352,14.0397,-0.276481,s,s,332.42,s,s,s,-1
s,s,s,-7.19758,14.011,-0.274945,s,s,332.81,s,s,s,-1
s,s,s,-7.08221,14.0204,-0.274177,s,s,333.2,s,s,s,-1
s,s,s,0,0,0,s,s,333.6,s,s,s,-1
s,s,s,0,0,0,s,s,334.01,s,s,s,-1
s,s,s,0,0,0,s,s,334.41,s,s,s,-1
s,s,s,0,0,0,s,s,334.8,s,s,s,-1
s,s,s,0,0,0,s,s,335.2,s,s,s,-1
s,s,s,-0.217176,0.478985,-0.00917997,s,s,335.61,s,s,s,-1
s,s,s,-0.209113,0.469454,-0.00897054,s,s,335.99,s,s,s,-1
s,s,s,0,0,0,s,s,336.39,s,s,s,-1
s,s,s,-0.22224,0.518275,-0.00984316,s,s,336.79,s,s,s,-1
s,s,s,-0.201394,0.479331,-0.00907525,s,s,337.21,s,s,s,-1
s,s,s,-0.193554,0.469598,-0.00886582,s,s,337.6,s,s,s,-1
s,s,s,-0.198511,0.491333,-0.00924978,s,s,338,s,s,s,-1
s,s,s,-0.189271,0.477799,-0.00897054,s,s,338.39,s,s,s,-1
s,s,s,-0.190909,0.492192,-0.00921487,s,s,338.8,s,s,s,-1
s,s,s,-0.179657,0.47295,-0.00883092,s,s,339.2,s,s,s,-1
s,s,s,-0.174423,0.468509,-0.0087262,s,s,339.58,s,s,s,-1
s,s,s,-0.174571,0.479109,-0.00890073,s,s,339.98,s,s,s,-1
s,s,s,-0.172565,0.484084,-0.00897054,s,s,340.38,s,s,s,-1
s,s,s,0,0,0,s,s,340.78,s,s,s,-1
s,s,s,0,0,0,s,s,341.18,s,s,s,-1
s,s,s,-4.45907,13.3888,-0.246323,s,s,341.58,s,s,s,-1
s,s,s,-4.36721,13.417,-0.246288,s,s,341.97,s,s,s,-1
s,s,s,-4.26253,13.4128,-0.24566,s,s,342.37,s,s,s,-1
s,s,s,-4.16346,13.4251,-0.245346,s,s,342.77,s,s,s,-1
s,s,s,-4.08469,13.5036,-0.246253,s,s,343.17,s,s,s,-1
s,s,s,-3.98579,13.5164,-0.245974,s,s,343.57,s,s,s,-1
s,s,s,-3.88471,13.5209,-0.245555,s,s,343.97,s,s,s,-1
s,s,s,-3.79022,13.5477,-0.245555,s,s,344.37,s,s,s,-1
s,s,s,-3.69712,13.5796,-0.24566,s,s,344.77,s,s,s,-1
s,s,s,-3.60274,13.607,-0.245695,s,s,345.17,s,s,s,-1
s,s,s,-3.50904,13.6273,-0.245625,s,s,345.56,s,s,s,-1
s,s,s,-3.40557,13.6185,-0.245032,s,s,345.96,s,s,s,-1
s,s,s,-3.31325,13.6536,-0.245241,s,s,346.36,s,s,s,-1
s,s,s,-3.21464,13.6628,-0.244997,s,s,346.76,s,s,s,-1
s,s,s,-3.11934,13.6746,-0.244822,s,s,347.15,s,s,s,-1
s,s,s,-3.01581,13.6712,-0.244369,s,s,347.56,s,s,s,-1
s,s,s,-2.9278,13.7271,-0.244997,s,s,347.96,s,s,s,-1
s,s,s,-2.82865,13.7193,-0.244508,s,s,348.35,s,s,s,-1
s,s,s,-2.71993,13.674,-0.243356,s,s,348.75,s,s,s,-1
s,s,s,-2.64081,13.7913,-0.245102,s,s,349.16,s,s,s,-1
s,s,s,-2.55304,13.8424,-0.245695,s,s,349.55,s,s,s,-1
s,s,s,-2.46123,13.8874,-0.246184,s,s,349.95,s,s,s,-1
s,s,s,-2.37109,13.9153,-0.246393,s,s,350.33,s,s,s,-1
s,s,s,-2.27531,13.9556,-0.246812,s,s,350.74,s,s,s,-1
s,s,s,-2.17814,13.9731,-0.246847,s,s,351.14,s,s,s,-1
s,s,s,-2.08091,13.9738,-0.246603,s,s,351.53,s,s,s,-1
s,s,s,-1.98115,13.9903,-0.246637,s,s,351.94,s,s,s,-1
s,s,s,-1.88449,14.0117,-0.246777,s,s,352.34,s,s,s,-1
s,s,s,-1.79009,14.0321,-0.246917,s,s,352.73,s,s,s,-1
s,s,s,-1.69232,14.0463,-0.246952,s,s,353.13,s,s,s,-1
s,s,s,-1.59828,14.0935,-0.24758,s,s,353.53,s,s,s,-1
s,s,s,-1.50619,14.164,-0.248627,s,s,353.93,s,s,s,-1
s,s,s,-1.40767,14.1781,-0.248697,s,s,354.33,s,s,s,-1
s,s,s,-1.31324,14.2374,-0.249569,s,s,354.73,s,s,s,-1
s,s,s,-1.21494,14.2301,-0.24929,s,s,355.12,s,s,s,-1
s,s,s,-1.11854,14.2761,-0.249953,s,s,355.52,s,s,s,-1
s,s,s,-1.02055,14.3075,-0.250372,s,s,355.92,s,s,s,-1
s,s,s,-0.921028,14.3202,-0.250477,s,s,356.32,s,s,s,-1
s,s,s,-0.821948,14.3423,-0.250756,s,s,356.72,s,s,s,-1
s,s,s,-0.731968,14.4493,-0.252536,s,s,357.1,s,s,s,-1
s,s,s,-0.631687,14.468,-0.252781,s,s,357.5,s,s,s,-1
s,s,s,-0.532059,14.51,-0.253444,s,s,357.9,s,s,s,-1
s,s,s,-0.427566,14.4915,-0.25306,s,s,358.31,s,s,s,-1
s,s,s,-0.329143,14.5041,-0.253234,s,s,358.7,s,s,s,-1
s,s,s,-0.227055,14.616,-0.255154,s,s,359.11,s,s,s,-1
s,s,s,-0.127772,14.6412,-0.255573,s,s,359.5,s,s,s,-1
s,s,s,-0.0280334,14.6017,-0.254875,s,s,359.89,s,s,s,-1
